{"filename":"d:\\Majid\\Cloud Functions\\BC-COK-Oberoi-rfi-mail-time_trigger\\__azurite_db_blob_extent__.json","collections":[{"name":"$EXTENTS_COLLECTION$","data":[{"id":"2124a4c2-4d7e-4cd1-929c-5e6ece913d01","locationId":"Default","path":"2124a4c2-4d7e-4cd1-929c-5e6ece913d01","size":17213,"lastModifiedInMS":1710839184222,"meta":{"revision":135,"created":1710839184222,"version":0,"updated":1710852606392},"$loki":1,"LastModifyInMS":1710852606392},{"id":"fbea60a3-aa0b-43cc-b8b1-ff2058cc4979","locationId":"Default","path":"fbea60a3-aa0b-43cc-b8b1-ff2058cc4979","size":4875,"lastModifiedInMS":1712030458613,"meta":{"revision":39,"created":1712030458613,"version":0,"updated":1712040985820},"$loki":11,"LastModifyInMS":1712040985820},{"id":"e6fb3019-e349-41ae-872c-4796e883e22e","locationId":"Default","path":"e6fb3019-e349-41ae-872c-4796e883e22e","size":631,"lastModifiedInMS":1713154733390,"meta":{"revision":4,"created":1713154733391,"version":0,"updated":1713157803946},"$loki":12,"LastModifyInMS":1713157803946},{"id":"111ecc64-0722-4e86-b97d-a28a968be936","locationId":"Default","path":"111ecc64-0722-4e86-b97d-a28a968be936","size":1534,"lastModifiedInMS":1713760104973,"meta":{"revision":12,"created":1713760104974,"version":0,"updated":1713778443650},"$loki":13,"LastModifyInMS":1713778443650},{"id":"c8c06b5f-377b-465a-832c-5c8c34be31d4","locationId":"Default","path":"c8c06b5f-377b-465a-832c-5c8c34be31d4","size":3578,"lastModifiedInMS":1713845259712,"meta":{"revision":29,"created":1713845259712,"version":0,"updated":1713853807426},"$loki":15,"LastModifyInMS":1713853807426},{"id":"e7115bf3-16a5-4f1e-83a5-ebdaf15fb902","locationId":"Default","path":"e7115bf3-16a5-4f1e-83a5-ebdaf15fb902","size":4725,"lastModifiedInMS":1716352922985,"meta":{"revision":36,"created":1716352922985,"version":0,"updated":1716371041283},"$loki":17,"LastModifyInMS":1716371041283}],"idIndex":[1,11,12,13,15,17],"binaryIndices":{"id":{"name":"id","dirty":false,"values":[3,0,4,2,5,1]}},"constraints":null,"uniqueNames":[],"transforms":{},"objType":"$EXTENTS_COLLECTION$","dirty":false,"cachedIndex":null,"cachedBinaryIndex":null,"cachedData":null,"adaptiveBinaryIndices":true,"transactional":false,"cloneObjects":false,"cloneMethod":"parse-stringify","asyncListeners":false,"disableMeta":false,"disableChangesApi":true,"disableDeltaChangesApi":true,"autoupdate":false,"serializableIndices":true,"disableFreeze":true,"ttl":null,"maxId":17,"DynamicViews":[],"events":{"insert":[],"update":[],"pre-insert":[],"pre-update":[],"close":[],"flushbuffer":[],"error":[],"delete":[null],"warning":[null]},"changes":[],"dirtyIds":[]}],"databaseVersion":1.5,"engineVersion":1.5,"autosave":true,"autosaveInterval":5000,"autosaveHandle":null,"throttledSaves":true,"options":{"persistenceMethod":"fs","autosave":true,"autosaveInterval":5000,"serializationMethod":"normal","destructureDelimiter":"$<\n"},"persistenceMethod":"fs","persistenceAdapter":null,"verbose":false,"events":{"init":[null],"loaded":[],"flushChanges":[],"close":[],"changes":[],"warning":[]},"ENV":"NODEJS"}