{"filename":"d:\\Majid\\Cloud Functions\\BC-COK-Oberoi-rfi-mail-time_trigger\\__azurite_db_blob__.json","collections":[{"name":"$SERVICES_COLLECTION$","data":[],"idIndex":null,"binaryIndices":{},"constraints":null,"uniqueNames":["accountName"],"transforms":{},"objType":"$SERVICES_COLLECTION$","dirty":false,"cachedIndex":null,"cachedBinaryIndex":null,"cachedData":null,"adaptiveBinaryIndices":true,"transactional":false,"cloneObjects":false,"cloneMethod":"parse-stringify","asyncListeners":false,"disableMeta":false,"disableChangesApi":true,"disableDeltaChangesApi":true,"autoupdate":false,"serializableIndices":true,"disableFreeze":true,"ttl":null,"maxId":0,"DynamicViews":[],"events":{"insert":[],"update":[],"pre-insert":[],"pre-update":[],"close":[],"flushbuffer":[],"error":[],"delete":[null],"warning":[null]},"changes":[],"dirtyIds":[]},{"name":"$CONTAINERS_COLLECTION$","data":[{"accountName":"devstoreaccount1","name":"azure-webjobs-hosts","properties":{"etag":"\"0x1F68D1FA9181E00\"","lastModified":"2024-03-19T09:06:24.213Z","leaseStatus":"unlocked","leaseState":"available","hasImmutabilityPolicy":false,"hasLegalHold":false},"meta":{"revision":0,"created":1710839184214,"version":0},"$loki":1}],"idIndex":null,"binaryIndices":{"accountName":{"name":"accountName","dirty":false,"values":[0]},"name":{"name":"name","dirty":false,"values":[0]}},"constraints":null,"uniqueNames":[],"transforms":{},"objType":"$CONTAINERS_COLLECTION$","dirty":false,"cachedIndex":null,"cachedBinaryIndex":null,"cachedData":null,"adaptiveBinaryIndices":true,"transactional":false,"cloneObjects":false,"cloneMethod":"parse-stringify","asyncListeners":false,"disableMeta":false,"disableChangesApi":true,"disableDeltaChangesApi":true,"autoupdate":false,"serializableIndices":true,"disableFreeze":true,"ttl":null,"maxId":1,"DynamicViews":[],"events":{"insert":[],"update":[],"pre-insert":[],"pre-update":[],"close":[],"flushbuffer":[],"error":[],"delete":[null],"warning":[null]},"changes":[],"dirtyIds":[]},{"name":"$BLOBS_COLLECTION$","data":[{"deleted":false,"accountName":"devstoreaccount1","containerName":"azure-webjobs-hosts","name":"locks/desktopeu2r21s-568551653/Host.Functions.TimerTrigger1.Listener","properties":{"creationTime":"2024-03-19T09:06:24.218Z","lastModified":"2024-03-19T09:06:24.218Z","etag":"\"0x24AD49BB40AD500\"","contentLength":0,"contentType":"application/octet-stream","contentMD5":{"type":"Buffer","data":[212,29,140,217,143,0,178,4,233,128,9,152,236,248,66,126]},"blobType":"BlockBlob","leaseStatus":"locked","leaseState":"leased","serverEncrypted":true,"accessTier":"Hot","accessTierInferred":true,"accessTierChangeTime":"2024-03-19T09:06:24.218Z","leaseDuration":"fixed"},"snapshot":"","isCommitted":true,"persistency":{"id":"2124a4c2-4d7e-4cd1-929c-5e6ece913d01","offset":0,"count":0},"meta":{"revision":22885,"created":1710839184223,"version":0,"updated":1716371803989},"$loki":1,"leaseId":"278faf4a-0ade-44ae-819c-2bbd55365b87","leaseExpireTime":"2024-05-22T09:56:58.988Z","leaseDurationSeconds":15},{"deleted":false,"metadata":{"FunctionInstance":"000000000000000000000000445DB71C"},"accountName":"devstoreaccount1","containerName":"azure-webjobs-hosts","name":"locks/desktopeu2r21s-568551653/host","properties":{"creationTime":"2024-03-19T09:06:28.915Z","lastModified":"2024-05-22T08:48:58.367Z","etag":"\"0x1B1966969ABF640\"","contentLength":0,"contentType":"application/octet-stream","contentMD5":{"type":"Buffer","data":[212,29,140,217,143,0,178,4,233,128,9,152,236,248,66,126]},"blobType":"BlockBlob","leaseStatus":"locked","leaseState":"leased","serverEncrypted":true,"accessTier":"Hot","accessTierInferred":true,"accessTierChangeTime":"2024-03-19T09:06:28.915Z","leaseDuration":"fixed"},"snapshot":"","isCommitted":true,"persistency":{"id":"2124a4c2-4d7e-4cd1-929c-5e6ece913d01","offset":243,"count":0},"meta":{"revision":15033,"created":1710839188918,"version":0,"updated":1716371794390},"$loki":4,"leaseId":"000000000000000000000000445DB71C","leaseExpireTime":"2024-05-22T09:56:49.389Z","leaseDurationSeconds":15},{"deleted":false,"accountName":"devstoreaccount1","containerName":"azure-webjobs-hosts","name":"locks/desktopeu2r21s-949321149/Host.Functions.TimerTrigger1.Listener","properties":{"creationTime":"2024-04-02T06:56:21.064Z","lastModified":"2024-04-02T06:56:21.064Z","etag":"\"0x1CCE637FA246800\"","contentLength":0,"contentType":"application/octet-stream","contentMD5":{"type":"Buffer","data":[212,29,140,217,143,0,178,4,233,128,9,152,236,248,66,126]},"blobType":"BlockBlob","leaseStatus":"unlocked","leaseState":"available","serverEncrypted":true,"accessTier":"Hot","accessTierInferred":true,"accessTierChangeTime":"2024-04-02T06:56:21.064Z"},"snapshot":"","isCommitted":true,"persistency":{"id":"fbea60a3-aa0b-43cc-b8b1-ff2058cc4979","offset":4761,"count":0},"meta":{"revision":472,"created":1712040981066,"version":0,"updated":1713158521152},"$loki":497},{"deleted":false,"metadata":{"FunctionInstance":"000000000000000000000000445DB71C"},"accountName":"devstoreaccount1","containerName":"azure-webjobs-hosts","name":"locks/desktopeu2r21s-949321149/host","properties":{"creationTime":"2024-04-02T06:56:25.819Z","lastModified":"2024-04-15T04:26:28.346Z","etag":"\"0x200389B3E878500\"","contentLength":0,"contentType":"application/octet-stream","contentMD5":{"type":"Buffer","data":[212,29,140,217,143,0,178,4,233,128,9,152,236,248,66,126]},"blobType":"BlockBlob","leaseStatus":"unlocked","leaseState":"available","serverEncrypted":true,"accessTier":"Hot","accessTierInferred":true,"accessTierChangeTime":"2024-04-02T06:56:25.819Z"},"snapshot":"","isCommitted":true,"persistency":{"id":"fbea60a3-aa0b-43cc-b8b1-ff2058cc4979","offset":4875,"count":0},"meta":{"revision":300,"created":1712040985820,"version":0,"updated":1713158521165},"$loki":499},{"deleted":false,"accountName":"devstoreaccount1","containerName":"azure-webjobs-hosts","name":"timers/desktopeu2r21s-949321149/Host.Functions.TimerTrigger1/status","properties":{"creationTime":"2024-04-15T05:10:03.944Z","lastModified":"2024-04-15T05:10:03.944Z","etag":"\"0x1E543F2500710D0\"","contentLength":129,"contentType":"application/octet-stream","contentMD5":{"type":"Buffer","data":[157,156,234,197,11,204,239,244,166,121,75,212,152,82,34,174]},"blobType":"BlockBlob","leaseStatus":"unlocked","leaseState":"available","serverEncrypted":true,"accessTier":"Hot","accessTierInferred":true,"accessTierChangeTime":"2024-04-15T05:10:03.944Z"},"snapshot":"","isCommitted":true,"persistency":{"id":"e6fb3019-e349-41ae-872c-4796e883e22e","offset":502,"count":129},"meta":{"revision":0,"created":1713157803951,"version":0},"$loki":504},{"deleted":false,"accountName":"devstoreaccount1","containerName":"azure-webjobs-hosts","name":"locks/desktopeu2r21s-568551653/Host.Functions.TimerTriggerUpdateToken.Listener","properties":{"creationTime":"2024-04-22T06:44:59.299Z","lastModified":"2024-04-22T06:44:59.299Z","etag":"\"0x1B80178A68036B0\"","contentLength":0,"contentType":"application/octet-stream","contentMD5":{"type":"Buffer","data":[212,29,140,217,143,0,178,4,233,128,9,152,236,248,66,126]},"blobType":"BlockBlob","leaseStatus":"locked","leaseState":"leased","serverEncrypted":true,"accessTier":"Hot","accessTierInferred":true,"accessTierChangeTime":"2024-04-22T06:44:59.299Z","leaseDuration":"fixed"},"snapshot":"","isCommitted":true,"persistency":{"id":"111ecc64-0722-4e86-b97d-a28a968be936","offset":129,"count":0},"meta":{"revision":4521,"created":1713768299305,"version":0,"updated":1716371803997},"$loki":506,"leaseId":"9d7e89cb-d722-48ce-b967-1a9cf598eaaa","leaseExpireTime":"2024-05-22T09:56:58.997Z","leaseDurationSeconds":15},{"deleted":false,"accountName":"devstoreaccount1","containerName":"azure-webjobs-hosts","name":"locks/desktopeu2r21s-575692396/Company.Function.TimerTrigger1.RunAsync.Listener","properties":{"creationTime":"2024-04-23T05:16:52.558Z","lastModified":"2024-04-23T05:16:52.558Z","etag":"\"0x2251A043D379AA0\"","contentLength":0,"contentType":"application/octet-stream","contentMD5":{"type":"Buffer","data":[212,29,140,217,143,0,178,4,233,128,9,152,236,248,66,126]},"blobType":"BlockBlob","leaseStatus":"locked","leaseState":"leased","serverEncrypted":true,"accessTier":"Hot","accessTierInferred":true,"accessTierChangeTime":"2024-04-23T05:16:52.558Z","leaseDuration":"fixed"},"snapshot":"","isCommitted":true,"persistency":{"id":"c8c06b5f-377b-465a-832c-5c8c34be31d4","offset":1804,"count":0},"meta":{"revision":690,"created":1713849412560,"version":0,"updated":1713854626129},"$loki":535,"leaseId":"e1f1eaf0-7a9e-4868-a23a-5f779de4428d","leaseExpireTime":"2024-04-23T06:44:01.127Z","leaseDurationSeconds":15},{"deleted":false,"metadata":{"FunctionInstance":"000000000000000000000000445DB71C"},"accountName":"devstoreaccount1","containerName":"azure-webjobs-hosts","name":"locks/desktopeu2r21s-575692396/host","properties":{"creationTime":"2024-04-23T05:16:57.167Z","lastModified":"2024-04-23T06:14:47.795Z","etag":"\"0x258EFDB332052A0\"","contentLength":0,"contentType":"application/octet-stream","contentMD5":{"type":"Buffer","data":[212,29,140,217,143,0,178,4,233,128,9,152,236,248,66,126]},"blobType":"BlockBlob","leaseStatus":"locked","leaseState":"leased","serverEncrypted":true,"accessTier":"Hot","accessTierInferred":true,"accessTierChangeTime":"2024-04-23T05:16:57.167Z","leaseDuration":"fixed"},"snapshot":"","isCommitted":true,"persistency":{"id":"c8c06b5f-377b-465a-832c-5c8c34be31d4","offset":1919,"count":0},"meta":{"revision":440,"created":1713849417168,"version":0,"updated":1713854627812},"$loki":537,"leaseId":"000000000000000000000000445DB71C","leaseExpireTime":"2024-04-23T06:44:02.810Z","leaseDurationSeconds":15},{"deleted":false,"accountName":"devstoreaccount1","containerName":"azure-webjobs-hosts","name":"timers/desktopeu2r21s-575692396/Company.Function.TimerTrigger1.RunAsync/status","properties":{"creationTime":"2024-04-23T06:30:07.423Z","lastModified":"2024-04-23T06:30:07.423Z","etag":"\"0x20103B828B6ECC0\"","contentLength":129,"contentType":"application/octet-stream","contentMD5":{"type":"Buffer","data":[40,116,2,39,102,180,247,62,153,106,53,177,166,172,23,224]},"blobType":"BlockBlob","leaseStatus":"unlocked","leaseState":"available","serverEncrypted":true,"accessTier":"Hot","accessTierInferred":true,"accessTierChangeTime":"2024-04-23T06:30:07.423Z"},"snapshot":"","isCommitted":true,"persistency":{"id":"c8c06b5f-377b-465a-832c-5c8c34be31d4","offset":3449,"count":129},"meta":{"revision":0,"created":1713853807434,"version":0},"$loki":550},{"deleted":false,"accountName":"devstoreaccount1","containerName":"azure-webjobs-hosts","name":"timers/desktopeu2r21s-568551653/Host.Functions.TimerTrigger1/status","properties":{"creationTime":"2024-05-22T04:52:02.473Z","lastModified":"2024-05-22T04:52:02.473Z","etag":"\"0x1B0AE76582CD390\"","contentLength":129,"contentType":"application/octet-stream","contentMD5":{"type":"Buffer","data":[104,67,223,212,179,180,137,82,41,77,154,101,109,87,242,21]},"blobType":"BlockBlob","leaseStatus":"unlocked","leaseState":"available","serverEncrypted":true,"accessTier":"Hot","accessTierInferred":true,"accessTierChangeTime":"2024-05-22T04:52:02.473Z"},"snapshot":"","isCommitted":true,"persistency":{"id":"e7115bf3-16a5-4f1e-83a5-ebdaf15fb902","offset":256,"count":129},"meta":{"revision":0,"created":1716353522481,"version":0},"$loki":556},{"deleted":false,"accountName":"devstoreaccount1","containerName":"azure-webjobs-hosts","name":"timers/desktopeu2r21s-568551653/Host.Functions.TimerTriggerUpdateToken/status","properties":{"creationTime":"2024-05-22T09:44:01.280Z","lastModified":"2024-05-22T09:44:01.280Z","etag":"\"0x1B3CA2846F6FB30\"","contentLength":129,"contentType":"application/octet-stream","contentMD5":{"type":"Buffer","data":[92,44,21,42,134,11,233,31,134,34,113,56,161,27,116,119]},"blobType":"BlockBlob","leaseStatus":"unlocked","leaseState":"available","serverEncrypted":true,"accessTier":"Hot","accessTierInferred":true,"accessTierChangeTime":"2024-05-22T09:44:01.280Z"},"snapshot":"","isCommitted":true,"persistency":{"id":"e7115bf3-16a5-4f1e-83a5-ebdaf15fb902","offset":4596,"count":129},"meta":{"revision":0,"created":1716371041289,"version":0},"$loki":590}],"idIndex":[1,4,497,499,504,506,535,537,550,556,590],"binaryIndices":{"accountName":{"name":"accountName","dirty":false,"values":[5,0,1,10,9,7,6,8,3,2,4]},"containerName":{"name":"containerName","dirty":false,"values":[5,0,1,10,9,7,6,8,3,2,4]},"name":{"name":"name","dirty":false,"values":[0,5,1,6,7,2,3,9,10,8,4]},"snapshot":{"name":"snapshot","dirty":false,"values":[5,0,1,10,9,7,6,8,3,2,4]}},"constraints":null,"uniqueNames":[],"transforms":{},"objType":"$BLOBS_COLLECTION$","dirty":false,"cachedIndex":null,"cachedBinaryIndex":null,"cachedData":null,"adaptiveBinaryIndices":true,"transactional":false,"cloneObjects":false,"cloneMethod":"parse-stringify","asyncListeners":false,"disableMeta":false,"disableChangesApi":true,"disableDeltaChangesApi":true,"autoupdate":false,"serializableIndices":true,"disableFreeze":true,"ttl":null,"maxId":590,"DynamicViews":[],"events":{"insert":[],"update":[],"pre-insert":[],"pre-update":[],"close":[],"flushbuffer":[],"error":[],"delete":[null],"warning":[null]},"changes":[],"dirtyIds":[]},{"name":"$BLOCKS_COLLECTION$","data":[],"idIndex":null,"binaryIndices":{"accountName":{"name":"accountName","dirty":false,"values":[]},"containerName":{"name":"containerName","dirty":false,"values":[]},"blobName":{"name":"blobName","dirty":false,"values":[]},"name":{"name":"name","dirty":false,"values":[]}},"constraints":null,"uniqueNames":[],"transforms":{},"objType":"$BLOCKS_COLLECTION$","dirty":false,"cachedIndex":null,"cachedBinaryIndex":null,"cachedData":null,"adaptiveBinaryIndices":true,"transactional":false,"cloneObjects":false,"cloneMethod":"parse-stringify","asyncListeners":false,"disableMeta":false,"disableChangesApi":true,"disableDeltaChangesApi":true,"autoupdate":false,"serializableIndices":true,"disableFreeze":true,"ttl":null,"maxId":0,"DynamicViews":[],"events":{"insert":[],"update":[],"pre-insert":[],"pre-update":[],"close":[],"flushbuffer":[],"error":[],"delete":[null],"warning":[null]},"changes":[],"dirtyIds":[]}],"databaseVersion":1.5,"engineVersion":1.5,"autosave":true,"autosaveInterval":5000,"autosaveHandle":null,"throttledSaves":true,"options":{"persistenceMethod":"fs","autosave":true,"autosaveInterval":5000,"serializationMethod":"normal","destructureDelimiter":"$<\n"},"persistenceMethod":"fs","persistenceAdapter":null,"verbose":false,"events":{"init":[null],"loaded":[],"flushChanges":[],"close":[],"changes":[],"warning":[]},"ENV":"NODEJS"}